Sample,NPOC,TNb
oor1d13s,3.032944935,0.696599103
aar2d16s,7.67359511,1.770273711
oar2d13t,3.662332133,0.468105522
oor2d20t,3.546040866,0.23024099
oar3d13t,2.81097005,0.520171231
oar3d16t,9.390069934,0.38429243
oor2d23s,3.46982294,0.146646845
oor1d9s,4.042636008,0.931048055
aar3d16s,10.68813192,1.801408042
oor2d9t,4.743919496,1.436553976
oar3d13s,3.384568869,0.507953962
aor1d6s,6.927130893,1.402091644
oor2d13t,3.46982294,0.691431943
aor2d6s,8.437738743,1.427051656
oor3d13t,3.968382462,0.964240491
aar3d6s,7.956858637,1.464316515
aor3d20t,5.033076161,1.404281119
oar2d13s,3.044338336,0.400363175
oor2d20s,3.440750123,0.235670887
oar2d16t,10.51173064,0.663187719