Sample,NPOC,TNb
aor1d9s,8.289700549,1.676999718
oar1d15s,10.86654479,0.577813227
aar3d13s,10.18570067,1.746257404
aor2d16t,6.324469245,1.785244969
oar1d16t,11.16980288,0.663410645
oar1d16s,11.60897495,0.428784356
aor3d16s,5.901436961,1.330623679
oor1d20s,3.327990566,0.288516735
aor1d16t,7.002764986,1.769474718
aor3d16t,6.81460906,1.754974848
aar1d16t,9.738033971,2.124831039
aar2d13s,8.572996265,1.85524736
oor2d13s,3.447764767,0.604359817
oar1d2t,6.239947735,1.582465825
oar2d6t,4.899496039,1.446272186
aor3d9s,11.24922761,1.691149138
aor1d13s,8.809146817,1.756508067
oar2d16s,12.04814702,0.62161948
oor3d16s,3.98632394,0.479380578
oar1d6s,3.964662648,1.081190876