Sample,NPOC,TNb
OO R3 D6 T,4.168448206,1.500835592
AA R1 D6 S,8.556704915,1.540339821
AO R1 D2 S,8.919174919,1.220699082
AA R2 D2 S,11.07468661,1.136022626
OA R2 D2 T,6.981320757,1.582420413
AO R3 D14 S,6.795258672,1.590149501
AO R1 D14 T,8.704150341,1.942424168
AO R3 D2 T,12.28935607,1.805791063
AA R3 D13 T,10.64639276,2.034400318
AA R2 D2 T,12.35693522,1.85302438
OO R3 D6 S,3.944647114,1.102100517
OA R3 D9 T,3.854249026,1.18351358
AA R3 D2 T,10.00921789,1.811802576
AO R2 D9 T,9.257070686,2.044448133
AO R3 D9 T,12.06204437,2.006489722
AO R2 D16 S,4.475626176,1.387132116
OO R3 D20 T,3.260079068,0.388104519
OA R3 D9 S,3.110000688,0.821448734
AA R1 D2 S,12.67727796,1.187378124
OA R3 D6 S,5.08647151,1.162645041